{
  "swagger" : "2.0",
  "info" : {
    "version" : "1.0.0",
    "description" : "Welcome to the MattCo Hello CodeBot API documentation. For help setting everything up, please see the readme. This API requires a JWT token for some operations. To obtain one, run the @(project.codebot.uml.identityClassName)/login endpoint, then paste the token into the green padlock on the right.",
    "title" : "Hello CodeBot API Reference"
  },
  "basePath" : "/matt/hello",
  "host" : "localhost:7000",
  "schemes" : [ "http" ],
  "parameters" : { },
  "securityDefinitions" : {
    "JWTAuth" : {
      "type" : "apiKey",
      "in" : "header",
      "name" : "Authorization",
      "description" : "To obtain a JWT token, use the User/login endpoint, then paste the token into the Value below (after 'Bearer '):"
    }
  },
  "paths" : {
    "/User/login" : {
      "post" : {
        "summary" : "User authentication.",
        "produces" : [ "application/json" ],
        "consumes" : [ "application/json" ],
        "tags" : [ "User" ],
        "parameters" : [ {
          "in" : "body",
          "name" : "login",
          "description" : "Authenticates the User login details and returns a new JWT token. Expires after 300 minutes.",
          "schema" : {
            "type" : "object",
            "required" : [ "username", "password" ],
            "properties" : {
              "username" : {
                "type" : "string",
                "minLength" : 3,
                "maxLength" : 50,
                "example" : "Bob"
              },
              "password" : {
                "type" : "string",
                "minLength" : 3,
                "maxLength" : 50,
                "format" : "password",
                "example" : "password"
              }
            }
          }
        } ],
        "responses" : {
          "200" : {
            "description" : "User logged in"
          },
          "401" : {
            "description" : "Login unsuccessful - username and/or password not found"
          }
        }
      }
    },
    "/User/register" : {
      "post" : {
        "responses" : {
          "403" : {
            "description" : "End-users are not allowed to register themselves"
          },
          "201" : {
            "description" : "End-user successfully registered and a User entity has been created"
          }
        },
        "parameters" : [ {
          "schema" : {
            "$ref" : "#/definitions/User"
          },
          "description" : "The JSON body is an object containing the User's registration details.",
          "required" : false,
          "name" : "body",
          "in" : "body"
        } ],
        "produces" : [ "application/json" ],
        "tags" : [ "User" ],
        "summary" : "This API endpoint allows an end-user to register themselves (if allowed); creates a User entity if successful.",
        "consumes" : [ "application/json" ]
      }
    },
    "/User/role/{username}/{roleName}" : {
      "post" : {
        "security" : [ {
          "JWTAuth" : [ ]
        } ],
        "summary" : "Assign a role to the specified username.",
        "produces" : [ "application/json" ],
        "consumes" : [ "application/json" ],
        "tags" : [ "User" ],
        "parameters" : [ {
          "name" : "username",
          "in" : "path",
          "description" : "Identifies the  User to assign the role to.",
          "required" : true,
          "schema" : {
            "type" : "string",
            "example" : "bob"
          }
        }, {
          "name" : "roleName",
          "in" : "path",
          "description" : "The role name. Must be a recognised name, and not already be added for this User.",
          "required" : true,
          "schema" : {
            "type" : "string",
            "example" : "user"
          }
        } ],
        "responses" : {
          "200" : {
            "description" : "Role added"
          },
          "400" : {
            "description" : "Role not added, e.g. may have already been added"
          },
          "401" : {
            "description" : "Not logged in"
          },
          "403" : {
            "description" : "The logged-in User doesn't have the required permission to assign roles"
          },
          "404" : {
            "description" : "Role name not found"
          }
        }
      },
      "delete" : {
        "security" : [ {
          "JWTAuth" : [ ]
        } ],
        "summary" : "Unassign a role from the specified user.",
        "produces" : [ "application/json" ],
        "consumes" : [ "application/json" ],
        "tags" : [ "User" ],
        "parameters" : [ {
          "name" : "username",
          "in" : "path",
          "description" : "Identifies the user to remove the role from.",
          "required" : true,
          "schema" : {
            "type" : "string",
            "example" : "bob"
          }
        }, {
          "name" : "roleName",
          "in" : "path",
          "description" : "The role name. Must be a recognised name, and be added for this user.",
          "required" : true,
          "schema" : {
            "type" : "string",
            "example" : "user"
          }
        } ],
        "responses" : {
          "200" : {
            "description" : "Role removed"
          },
          "400" : {
            "description" : "Role not removed, e.g. may not have been assigned"
          },
          "401" : {
            "description" : "Not logged in"
          },
          "403" : {
            "description" : "The logged-in User doesn't have the required permission to unassign roles"
          },
          "404" : {
            "description" : "Role name not found"
          }
        }
      }
    },
    "/User/find" : {
      "post" : {
        "security" : [ {
          "JWTAuth" : [ ]
        } ],
        "responses" : {
          "401" : {
            "description" : "Requires authentication - first login to get a JWT token, then click the padlock and paste the token into the 'Value' field"
          },
          "403" : {
            "description" : "Insufficient privileges to perform this action"
          },
          "200" : {
            "description" : "User entity (or entities) found"
          }
        },
        "parameters" : [ {
          "schema" : {
            "$ref" : "#/definitions/User"
          },
          "description" : "Choose attribute names & data types from User domain class.",
          "required" : false,
          "name" : "body",
          "in" : "body"
        } ],
        "produces" : [ "application/json" ],
        "tags" : [ "User" ],
        "summary" : "Find User entities via a query object in the request body.",
        "consumes" : [ "application/json" ]
      }
    },
    "/User/count" : {
      "get" : {
        "security" : [ {
          "JWTAuth" : [ ]
        } ],
        "responses" : {
          "401" : {
            "description" : "Requires authentication - first login to get a JWT token, then click the padlock and paste the token into the 'Value' field"
          },
          "403" : {
            "description" : "Insufficient privileges to perform this action"
          },
          "200" : {
            "description" : "Number of User entities found"
          }
        },
        "parameters" : [ ],
        "produces" : [ "application/json" ],
        "tags" : [ "User" ],
        "summary" : "Count the total number of User entities.",
        "consumes" : [ "application/json" ]
      },
      "post" : {
        "security" : [ {
          "JWTAuth" : [ ]
        } ],
        "responses" : {
          "401" : {
            "description" : "Requires authentication - first login to get a JWT token, then click the padlock and paste the token into the 'Value' field"
          },
          "403" : {
            "description" : "Insufficient privileges to perform this action"
          },
          "200" : {
            "description" : "Number of User entities matching the query"
          }
        },
        "parameters" : [ {
          "schema" : {
            "$ref" : "#/definitions/User"
          },
          "description" : "Choose attribute names & data types from User domain class.",
          "required" : false,
          "name" : "body",
          "in" : "body"
        } ],
        "produces" : [ "application/json" ],
        "tags" : [ "User" ],
        "summary" : "Count the number of User entities that match a query object in the request body.",
        "consumes" : [ "application/json" ]
      }
    },
    "/User/" : {
      "post" : {
        "security" : [ {
          "JWTAuth" : [ ]
        } ],
        "responses" : {
          "401" : {
            "description" : "Requires authentication - first login to get a JWT token, then click the padlock and paste the token into the 'Value' field"
          },
          "403" : {
            "description" : "Insufficient privileges to perform this action"
          },
          "201" : {
            "description" : "User entity (or entities) created"
          }
        },
        "parameters" : [ {
          "schema" : {
            "$ref" : "#/definitions/User"
          },
          "description" : "The JSON body can be either an object or an array of objects. It's recommended that you don't include an 'id' field, so that a valid unique ID is created automatically and included in the response.",
          "required" : false,
          "name" : "body",
          "in" : "body"
        } ],
        "produces" : [ "application/json" ],
        "tags" : [ "User" ],
        "summary" : "Create one or many User entities.",
        "consumes" : [ "application/json" ]
      },
      "get" : {
        "security" : [ {
          "JWTAuth" : [ ]
        } ],
        "responses" : {
          "401" : {
            "description" : "Requires authentication - first login to get a JWT token, then click the padlock and paste the token into the 'Value' field"
          },
          "403" : {
            "description" : "Insufficient privileges to perform this action"
          },
          "200" : {
            "description" : "Zero or more User items found"
          }
        },
        "parameters" : [ {
          "in" : "query",
          "name" : "username",
          "required" : false,
          "schema" : {
            "type" : "string"
          }
        }, {
          "in" : "query",
          "name" : "password",
          "required" : false,
          "schema" : {
            "type" : "string"
          }
        }, {
          "in" : "query",
          "name" : "email",
          "required" : false,
          "schema" : {
            "type" : "string"
          }
        }, {
          "in" : "query",
          "name" : "roles",
          "required" : false,
          "schema" : {
            "type" : "array"
          }
        } ],
        "produces" : [ "application/json" ],
        "tags" : [ "User" ],
        "summary" : "Find some or all User entities via an attribute search. Include the attribute names and values as query parameters.",
        "consumes" : [ "application/json" ]
      }
    },
    "/User/{id}" : {
      "patch" : {
        "security" : [ {
          "JWTAuth" : [ ]
        } ],
        "responses" : {
          "401" : {
            "description" : "Requires authentication - first login to get a JWT token, then click the padlock and paste the token into the 'Value' field"
          },
          "403" : {
            "description" : "Insufficient privileges to perform this action"
          },
          "200" : {
            "description" : "User fields successfully updated"
          }
        },
        "parameters" : [ {
          "name" : "id",
          "in" : "path",
          "description" : "The entity's identifier, e.g. a 12-digit hex string for MongoDB IDs",
          "required" : true,
          "schema" : {
            "type" : "string",
            "example" : "",
            "format" : "objectId"
          }
        }, {
          "name" : "body",
          "in" : "body",
          "description" : "A subset of the entity's fields; just the fields you want to change. To update a JSON array, you must include the full array contents here.",
          "required" : true,
          "schema" : {
            "$ref" : "#/definitions/User"
          }
        } ],
        "produces" : [ "application/json" ],
        "tags" : [ "User" ],
        "summary" : "Modify some fields/attributes of the specified User",
        "consumes" : [ "application/json" ]
      },
      "put" : {
        "security" : [ {
          "JWTAuth" : [ ]
        } ],
        "responses" : {
          "401" : {
            "description" : "Requires authentication - first login to get a JWT token, then click the padlock and paste the token into the 'Value' field"
          },
          "403" : {
            "description" : "Insufficient privileges to perform this action"
          },
          "200" : {
            "description" : "User entity successfully updated"
          }
        },
        "parameters" : [ {
          "name" : "id",
          "in" : "path",
          "description" : "The entity's identifier, e.g. a 12-digit hex string for MongoDB IDs",
          "required" : true,
          "schema" : {
            "type" : "string",
            "example" : "",
            "format" : "objectId"
          }
        }, {
          "name" : "body",
          "in" : "body",
          "description" : "The contents of this JSON body will completely replace the entity.",
          "required" : true,
          "schema" : {
            "$ref" : "#/definitions/User"
          }
        } ],
        "produces" : [ "application/json" ],
        "tags" : [ "User" ],
        "summary" : "Replace (update) the specified User entity with this one",
        "consumes" : [ "application/json" ]
      },
      "delete" : {
        "security" : [ {
          "JWTAuth" : [ ]
        } ],
        "responses" : {
          "401" : {
            "description" : "Requires authentication - first login to get a JWT token, then click the padlock and paste the token into the 'Value' field"
          },
          "403" : {
            "description" : "Insufficient privileges to perform this action"
          },
          "200" : {
            "description" : "User deleted"
          }
        },
        "parameters" : [ {
          "schema" : {
            "type" : "string",
            "example" : "",
            "format" : "objectId"
          },
          "description" : "The entity's identifier, e.g. a 12-digit hex string for MongoDB IDs",
          "required" : true,
          "name" : "id",
          "in" : "path"
        } ],
        "produces" : [ "application/json" ],
        "tags" : [ "User" ],
        "summary" : "Delete User by ID",
        "consumes" : [ "application/x-www-form-urlencoded" ]
      },
      "get" : {
        "security" : [ {
          "JWTAuth" : [ ]
        } ],
        "responses" : {
          "401" : {
            "description" : "Requires authentication - first login to get a JWT token, then click the padlock and paste the token into the 'Value' field"
          },
          "403" : {
            "description" : "Insufficient privileges to perform this action"
          },
          "200" : {
            "description" : "User ID found"
          }
        },
        "parameters" : [ {
          "schema" : {
            "type" : "string",
            "example" : "",
            "format" : "objectId"
          },
          "description" : "The entity's identifier, e.g. a 12-digit hex string for MongoDB IDs",
          "required" : true,
          "name" : "id",
          "in" : "path"
        } ],
        "produces" : [ "application/json" ],
        "tags" : [ "User" ],
        "summary" : "Find a User by its ID",
        "consumes" : [ "application/x-www-form-urlencoded" ]
      }
    },
    "/Video/find" : {
      "post" : {
        "security" : [ {
          "JWTAuth" : [ ]
        } ],
        "responses" : {
          "401" : {
            "description" : "Requires authentication - first login to get a JWT token, then click the padlock and paste the token into the 'Value' field"
          },
          "403" : {
            "description" : "Insufficient privileges to perform this action"
          },
          "200" : {
            "description" : "Video entity (or entities) found"
          }
        },
        "parameters" : [ {
          "schema" : {
            "$ref" : "#/definitions/Video"
          },
          "description" : "Choose attribute names & data types from Video domain class.",
          "required" : false,
          "name" : "body",
          "in" : "body"
        } ],
        "produces" : [ "application/json" ],
        "tags" : [ "Video" ],
        "summary" : "Find Video entities via a query object in the request body.",
        "consumes" : [ "application/json" ]
      }
    },
    "/Video/count" : {
      "get" : {
        "security" : [ {
          "JWTAuth" : [ ]
        } ],
        "responses" : {
          "401" : {
            "description" : "Requires authentication - first login to get a JWT token, then click the padlock and paste the token into the 'Value' field"
          },
          "403" : {
            "description" : "Insufficient privileges to perform this action"
          },
          "200" : {
            "description" : "Number of Video entities found"
          }
        },
        "parameters" : [ ],
        "produces" : [ "application/json" ],
        "tags" : [ "Video" ],
        "summary" : "Count the total number of Video entities.",
        "consumes" : [ "application/json" ]
      },
      "post" : {
        "security" : [ {
          "JWTAuth" : [ ]
        } ],
        "responses" : {
          "401" : {
            "description" : "Requires authentication - first login to get a JWT token, then click the padlock and paste the token into the 'Value' field"
          },
          "403" : {
            "description" : "Insufficient privileges to perform this action"
          },
          "200" : {
            "description" : "Number of Video entities matching the query"
          }
        },
        "parameters" : [ {
          "schema" : {
            "$ref" : "#/definitions/Video"
          },
          "description" : "Choose attribute names & data types from Video domain class.",
          "required" : false,
          "name" : "body",
          "in" : "body"
        } ],
        "produces" : [ "application/json" ],
        "tags" : [ "Video" ],
        "summary" : "Count the number of Video entities that match a query object in the request body.",
        "consumes" : [ "application/json" ]
      }
    },
    "/Video/" : {
      "post" : {
        "security" : [ {
          "JWTAuth" : [ ]
        } ],
        "responses" : {
          "401" : {
            "description" : "Requires authentication - first login to get a JWT token, then click the padlock and paste the token into the 'Value' field"
          },
          "403" : {
            "description" : "Insufficient privileges to perform this action"
          },
          "201" : {
            "description" : "Video entity (or entities) created"
          }
        },
        "parameters" : [ {
          "schema" : {
            "$ref" : "#/definitions/Video"
          },
          "description" : "The JSON body can be either an object or an array of objects. It's recommended that you don't include an 'id' field, so that a valid unique ID is created automatically and included in the response.",
          "required" : false,
          "name" : "body",
          "in" : "body"
        } ],
        "produces" : [ "application/json" ],
        "tags" : [ "Video" ],
        "summary" : "Create one or many Video entities.",
        "consumes" : [ "application/json" ]
      },
      "get" : {
        "security" : [ {
          "JWTAuth" : [ ]
        } ],
        "responses" : {
          "401" : {
            "description" : "Requires authentication - first login to get a JWT token, then click the padlock and paste the token into the 'Value' field"
          },
          "403" : {
            "description" : "Insufficient privileges to perform this action"
          },
          "200" : {
            "description" : "Zero or more Video items found"
          }
        },
        "parameters" : [ {
          "in" : "query",
          "name" : "name",
          "required" : false,
          "schema" : {
            "type" : "string"
          }
        }, {
          "in" : "query",
          "name" : "url",
          "required" : false,
          "schema" : {
            "type" : "string"
          }
        } ],
        "produces" : [ "application/json" ],
        "tags" : [ "Video" ],
        "summary" : "Find some or all Video entities via an attribute search. Include the attribute names and values as query parameters.",
        "consumes" : [ "application/json" ]
      }
    },
    "/Video/{id}" : {
      "patch" : {
        "security" : [ {
          "JWTAuth" : [ ]
        } ],
        "responses" : {
          "401" : {
            "description" : "Requires authentication - first login to get a JWT token, then click the padlock and paste the token into the 'Value' field"
          },
          "403" : {
            "description" : "Insufficient privileges to perform this action"
          },
          "200" : {
            "description" : "Video fields successfully updated"
          }
        },
        "parameters" : [ {
          "name" : "id",
          "in" : "path",
          "description" : "The entity's identifier, e.g. a 12-digit hex string for MongoDB IDs",
          "required" : true,
          "schema" : {
            "type" : "string",
            "example" : "",
            "format" : "objectId"
          }
        }, {
          "name" : "body",
          "in" : "body",
          "description" : "A subset of the entity's fields; just the fields you want to change. To update a JSON array, you must include the full array contents here.",
          "required" : true,
          "schema" : {
            "$ref" : "#/definitions/Video"
          }
        } ],
        "produces" : [ "application/json" ],
        "tags" : [ "Video" ],
        "summary" : "Modify some fields/attributes of the specified Video",
        "consumes" : [ "application/json" ]
      },
      "put" : {
        "security" : [ {
          "JWTAuth" : [ ]
        } ],
        "responses" : {
          "401" : {
            "description" : "Requires authentication - first login to get a JWT token, then click the padlock and paste the token into the 'Value' field"
          },
          "403" : {
            "description" : "Insufficient privileges to perform this action"
          },
          "200" : {
            "description" : "Video entity successfully updated"
          }
        },
        "parameters" : [ {
          "name" : "id",
          "in" : "path",
          "description" : "The entity's identifier, e.g. a 12-digit hex string for MongoDB IDs",
          "required" : true,
          "schema" : {
            "type" : "string",
            "example" : "",
            "format" : "objectId"
          }
        }, {
          "name" : "body",
          "in" : "body",
          "description" : "The contents of this JSON body will completely replace the entity.",
          "required" : true,
          "schema" : {
            "$ref" : "#/definitions/Video"
          }
        } ],
        "produces" : [ "application/json" ],
        "tags" : [ "Video" ],
        "summary" : "Replace (update) the specified Video entity with this one",
        "consumes" : [ "application/json" ]
      },
      "delete" : {
        "security" : [ {
          "JWTAuth" : [ ]
        } ],
        "responses" : {
          "401" : {
            "description" : "Requires authentication - first login to get a JWT token, then click the padlock and paste the token into the 'Value' field"
          },
          "403" : {
            "description" : "Insufficient privileges to perform this action"
          },
          "200" : {
            "description" : "Video deleted"
          }
        },
        "parameters" : [ {
          "schema" : {
            "type" : "string",
            "example" : "",
            "format" : "objectId"
          },
          "description" : "The entity's identifier, e.g. a 12-digit hex string for MongoDB IDs",
          "required" : true,
          "name" : "id",
          "in" : "path"
        } ],
        "produces" : [ "application/json" ],
        "tags" : [ "Video" ],
        "summary" : "Delete Video by ID",
        "consumes" : [ "application/x-www-form-urlencoded" ]
      },
      "get" : {
        "security" : [ {
          "JWTAuth" : [ ]
        } ],
        "responses" : {
          "401" : {
            "description" : "Requires authentication - first login to get a JWT token, then click the padlock and paste the token into the 'Value' field"
          },
          "403" : {
            "description" : "Insufficient privileges to perform this action"
          },
          "200" : {
            "description" : "Video ID found"
          }
        },
        "parameters" : [ {
          "schema" : {
            "type" : "string",
            "example" : "",
            "format" : "objectId"
          },
          "description" : "The entity's identifier, e.g. a 12-digit hex string for MongoDB IDs",
          "required" : true,
          "name" : "id",
          "in" : "path"
        } ],
        "produces" : [ "application/json" ],
        "tags" : [ "Video" ],
        "summary" : "Find a Video by its ID",
        "consumes" : [ "application/x-www-form-urlencoded" ]
      }
    }
  },
  "tags" : [ {
    "name" : "User",
    "description" : ""
  }, {
    "name" : "Video",
    "description" : ""
  } ],
  "definitions" : {
    "User" : {
      "type" : "object",
      "description" : "  ",
      "properties" : {
        "username" : {
          "type" : "string"
        },
        "password" : {
          "type" : "string"
        },
        "email" : {
          "type" : "string"
        },
        "roles" : {
          "type" : "array",
          "items" : {
            "type" : "string"
          }
        }
      },
      "required" : [ "username", "password", "email", "roles" ],
      "additionalProperties" : false
    },
    "Video" : {
      "type" : "object",
      "description" : "  ",
      "properties" : {
        "name" : {
          "type" : "string"
        },
        "url" : {
          "type" : "string"
        }
      },
      "required" : [ "name", "url" ],
      "additionalProperties" : false
    }
  }
}