{
    "$schema": "http://json-schema.org/draft-07/schema#",
    "title": "User",
    "definitions": {
        "User": {
          "type": "object",
          "description": "  ",
          "properties": {
            "username": {
                "type": "string"
            },
            "password": {
                "type": "string"
            },
            "email": {
                "type": "string"
            },
            "roles": {
                "type": "array",
                "items": {"type": "string"}
            }
          },
          "required": ["username", "password", "email", "roles"],
          "additionalProperties": false
        }
    }
}
